date,district_raw,district_key,in_district_list,in_revenue_circle
2025-05-13,Kamrup (M),kamrupm,True,True
2025-05-15,Kamrup,kamrup,True,True
2025-05-16,Lakhimpur,lakhimpur,True,True
2025-05-20,Kamrup (M),kamrupm,True,True
2025-05-21,Kamrup (M),kamrupm,True,True
2025-05-22,Kamrup (M),kamrupm,True,True
2025-05-29,Kamrup (M),kamrupm,True,True
2025-05-30,Cachar,cachar,True,True
2025-05-30,Kamrup M,kamrupm,True,True
2025-05-31,Dhemaji,dhemaji,True,True
2025-05-31,South Salmara,southsalmara,True,True
2025-05-31,Lakhimpur,lakhimpur,True,True
2025-05-31,Dibrugarh,dibrugarh,True,True
2025-05-31,Golaghat,golaghat,True,True
2025-05-31,Darrang,darrang,True,True
2025-05-31,Nagaon,nagaon,True,True
2025-05-31,Karbi Anglong,karbianglong,True,True
2025-05-31,Kamrup,kamrup,True,True
2025-05-31,Biswanath,biswanath,True,True
2025-05-31,Tinsukia,tinsukia,True,True
2025-05-31,Karbi Anglong West,karbianglongwest,True,True
2025-06-01,Lakhimpur,lakhimpur,True,True
2025-06-01,Dibrugarh,dibrugarh,True,True
2025-06-01,Hailakandi,hailakandi,True,True
2025-06-01,Hojai,hojai,True,True
2025-06-01,Kamrup,kamrup,True,True
2025-06-01,Dhemaji,dhemaji,True,True
2025-06-01,Nagaon,nagaon,True,True
2025-06-01,Sribhumi,sribhumi,True,True
2025-06-01,Darrang,darrang,True,True
2025-06-01,Karbi Anglong,karbianglong,True,True
2025-06-01,Sonitpur,sonitpur,True,True
2025-06-01,Dima-Hasao,dimahasao,True,True
2025-06-01,Biswanath,biswanath,True,True
2025-06-01,Cachar,cachar,True,True
2025-06-01,Sivasagar,sivasagar,True,True
2025-06-01,Majuli,majuli,True,True
2025-06-01,Golaghat,golaghat,True,True
2025-06-01,Tinsukia,tinsukia,True,True
2025-06-01,Karbi Anglong West,karbianglongwest,True,True
2025-06-02,Hailakandi,hailakandi,True,True
2025-06-02,Hojai,hojai,True,True
2025-06-02,Lakhimpur,lakhimpur,True,True
2025-06-02,Nagaon,nagaon,True,True
2025-06-02,Sribhumi,sribhumi,True,True
2025-06-02,Karbi Anglong,karbianglong,True,True
2025-06-02,Dibrugarh,dibrugarh,True,True
2025-06-02,Morigaon,morigaon,True,True
2025-06-02,Kamrup,kamrup,True,True
2025-06-02,Cachar,cachar,True,True
2025-06-02,Golaghat,golaghat,True,True
2025-06-02,Darrang,darrang,True,True
2025-06-02,Majuli,majuli,True,True
2025-06-02,Dhemaji,dhemaji,True,True
2025-06-02,Biswanath,biswanath,True,True
2025-06-02,Kamrup (M),kamrupm,True,True
2025-06-02,Karbi Anglong West,karbianglongwest,True,True
2025-06-02,Jorhat,jorhat,True,True
2025-06-02,Tinsukia,tinsukia,True,True
2025-06-02,Sonitpur,sonitpur,True,True
2025-06-02,Dima-Hasao,dimahasao,True,True
2025-06-02,Sivasagar,sivasagar,True,True
2025-06-03,Hailakandi,hailakandi,True,True
2025-06-03,Nagaon,nagaon,True,True
2025-06-03,Sribhumi,sribhumi,True,True
2025-06-03,Kamrup,kamrup,True,True
2025-06-03,Hojai,hojai,True,True
2025-06-03,Lakhimpur,lakhimpur,True,True
2025-06-03,Morigaon,morigaon,True,True
2025-06-03,Cachar,cachar,True,True
2025-06-03,Golaghat,golaghat,True,True
2025-06-03,Dibrugarh,dibrugarh,True,True
2025-06-03,Barpeta,barpeta,True,True
2025-06-03,Biswanath,biswanath,True,True
2025-06-03,Sonitpur,sonitpur,True,True
2025-06-03,Dhemaji,dhemaji,True,True
2025-06-03,Majuli,majuli,True,True
2025-06-03,Karbi Anglong West,karbianglongwest,True,True
2025-06-03,Darrang,darrang,True,True
2025-06-03,Sivasagar,sivasagar,True,True
2025-06-03,Tinsukia,tinsukia,True,True
2025-06-03,Dima-Hasao,dimahasao,True,True
2025-06-03,Jorhat,jorhat,True,True
2025-06-04,Hailakandi,hailakandi,True,True
2025-06-04,Dibrugarh,dibrugarh,True,True
2025-06-04,Morigaon,morigaon,True,True
2025-06-04,Hojai,hojai,True,True
2025-06-04,Kamrup,kamrup,True,True
2025-06-04,Nagaon,nagaon,True,True
2025-06-04,Golaghat,golaghat,True,True
2025-06-04,Biswanath,biswanath,True,True
2025-06-04,Cachar,cachar,True,True
2025-06-04,Sribhumi,sribhumi,True,True
2025-06-04,Sonitpur,sonitpur,True,True
2025-06-04,Lakhimpur,lakhimpur,True,True
2025-06-04,Darrang,darrang,True,True
2025-06-04,Barpeta,barpeta,True,True
2025-06-04,Goalpara,goalpara,True,True
2025-06-04,South Salmara,southsalmara,True,True
2025-06-04,Karbi Anglong West,karbianglongwest,True,True
2025-06-04,Dima-Hasao,dimahasao,True,True
2025-06-04,Sivasagar,sivasagar,True,True
2025-06-04,Kamrup (M),kamrupm,True,True
2025-06-04,Dhemaji,dhemaji,True,True
2025-06-05,Hailakandi,hailakandi,True,True
2025-06-05,Cachar,cachar,True,True
2025-06-05,Sribhumi,sribhumi,True,True
2025-06-05,Dibrugarh,dibrugarh,True,True
2025-06-05,Kamrup,kamrup,True,True
2025-06-05,Morigaon,morigaon,True,True
2025-06-05,Golaghat,golaghat,True,True
2025-06-05,Biswanath,biswanath,True,True
2025-06-05,Hojai,hojai,True,True
2025-06-05,Nagaon,nagaon,True,True
2025-06-05,Dhemaji,dhemaji,True,True
2025-06-05,Darrang,darrang,True,True
2025-06-05,Sonitpur,sonitpur,True,True
2025-06-05,Sivasagar,sivasagar,True,True
2025-06-05,Goalpara,goalpara,True,True
2025-06-05,Jorhat,jorhat,True,True
2025-06-05,Lakhimpur,lakhimpur,True,True
2025-06-05,Tinsukia,tinsukia,True,True
2025-06-05,Kamrup (M),kamrupm,True,True
2025-06-06,Cachar,cachar,True,True
2025-06-06,Nagaon,nagaon,True,True
2025-06-06,Sribhumi,sribhumi,True,True
2025-06-06,Hailakandi,hailakandi,True,True
2025-06-06,Kamrup,kamrup,True,True
2025-06-06,Hojai,hojai,True,True
2025-06-06,Dibrugarh,dibrugarh,True,True
2025-06-06,Bongaigaon,bongaigaon,True,True
2025-06-06,Morigaon,morigaon,True,True
2025-06-06,Darrang,darrang,True,True
2025-06-06,Golaghat,golaghat,True,True
2025-06-06,Dhemaji,dhemaji,True,True
2025-06-06,Goalpara,goalpara,True,True
2025-06-06,Sonitpur,sonitpur,True,True
2025-06-06,Biswanath,biswanath,True,True
2025-06-06,Lakhimpur,lakhimpur,True,True
2025-06-06,Jorhat,jorhat,True,True
2025-06-06,Kamrup (M),kamrupm,True,True
2025-06-08,Hailakandi,hailakandi,True,True
2025-06-08,Sribhumi,sribhumi,True,True
2025-06-08,Morigaon,morigaon,True,True
2025-06-08,Kamrup,kamrup,True,True
2025-06-08,Goalpara,goalpara,True,True
2025-06-08,Cachar,cachar,True,True
2025-06-08,Nagaon,nagaon,True,True
2025-06-08,Kamrup (M),kamrupm,True,True
2025-06-08,Darrang,darrang,True,True
2025-06-08,Lakhimpur,lakhimpur,True,True
2025-06-08,Golaghat,golaghat,True,True
2025-06-09,Hailakandi,hailakandi,True,True
2025-06-09,Kamrup,kamrup,True,True
2025-06-09,Sribhumi,sribhumi,True,True
2025-06-09,Morigaon,morigaon,True,True
2025-06-09,Cachar,cachar,True,True
2025-06-09,Golaghat,golaghat,True,True
2025-06-09,Nagaon,nagaon,True,True
2025-06-09,Kamrup (M),kamrupm,True,True
2025-06-09,Lakhimpur,lakhimpur,True,True
2025-06-10,Hailakandi,hailakandi,True,True
2025-06-10,Sribhumi,sribhumi,True,True
2025-06-10,Kamrup,kamrup,True,True
2025-06-10,Morigaon,morigaon,True,True
2025-06-10,Nagaon,nagaon,True,True
2025-06-10,Cachar,cachar,True,True
2025-06-10,Kamrup (M),kamrupm,True,True
2025-06-10,Golaghat,golaghat,True,True
2025-06-10,Lakhimpur,lakhimpur,True,True
2025-06-11,Cachar,cachar,True,True
2025-06-11,Hailakandi,hailakandi,True,True
2025-06-11,Kamrup,kamrup,True,True
2025-06-11,Sribhumi,sribhumi,True,True
2025-06-11,Nagaon,nagaon,True,True
2025-06-11,Lakhimpur,lakhimpur,True,True
2025-06-11,Kamrup (M),kamrupm,True,True
2025-06-12,Hailakandi,hailakandi,True,True
2025-06-12,Kamrup (M),kamrupm,True,True
2025-06-12,Cachar,cachar,True,True
2025-06-12,Lakhimpur,lakhimpur,True,True
2025-06-13,Hailakandi,hailakandi,True,True
2025-06-13,Lakhimpur,lakhimpur,True,True
2025-06-14,Hailakandi,hailakandi,True,True
2025-06-14,Lakhimpur,lakhimpur,True,True
2025-06-15,Lakhimpur,lakhimpur,True,True
2025-06-17,Biswanath,biswanath,True,True
2025-06-17,Lakhimpur,lakhimpur,True,True
2025-06-18,Golaghat,golaghat,True,True
2025-06-18,Biswanath,biswanath,True,True
2025-06-18,Jorhat,jorhat,True,True
2025-06-18,Lakhimpur,lakhimpur,True,True
2025-06-19,Lakhimpur,lakhimpur,True,True
2025-06-19,Golaghat,golaghat,True,True
2025-06-20,Lakhimpur,lakhimpur,True,True
2025-06-21,Dhemaji,dhemaji,True,True
2025-06-22,Dhemaji,dhemaji,True,True
2025-06-23,Lakhimpur,lakhimpur,True,True
2025-06-23,Dhemaji,dhemaji,True,True
2025-06-24,Lakhimpur,lakhimpur,True,True
2025-06-24,Dhemaji,dhemaji,True,True
2025-06-24,Jorhat,jorhat,True,True
2025-06-25,Lakhimpur,lakhimpur,True,True
2025-06-25,Sivasagar,sivasagar,True,True
2025-06-25,Dhemaji,dhemaji,True,True
2025-06-25,Jorhat,jorhat,True,True
2025-06-26,Sivasagar,sivasagar,True,True
2025-06-26,Dhemaji,dhemaji,True,True
2025-06-26,Jorhat,jorhat,True,True
2025-06-27,Sivasagar,sivasagar,True,True
2025-06-27,Dhemaji,dhemaji,True,True
2025-06-28,Sivasagar,sivasagar,True,True
2025-07-01,Lakhimpur,lakhimpur,True,True
2025-07-02,Lakhimpur,lakhimpur,True,True
2025-07-02,Biswanath,biswanath,True,True
2025-07-03,Lakhimpur,lakhimpur,True,True
2025-07-03,Biswanath,biswanath,True,True
2025-07-04,Biswanath,biswanath,True,True
2025-07-04,Dhemaji,dhemaji,True,True
2025-07-04,Dima-Hasao,dimahasao,True,True
2025-07-04,Lakhimpur,lakhimpur,True,True
2025-07-04,Jorhat,jorhat,True,True
2025-07-05,Golaghat,golaghat,True,True
2025-07-05,Biswanath,biswanath,True,True
2025-07-05,Dhemaji,dhemaji,True,True
2025-07-05,Lakhimpur,lakhimpur,True,True
2025-07-05,Jorhat,jorhat,True,True
2025-07-05,Karbi Anglong,karbianglong,True,True
2025-07-06,Hojai,hojai,True,True
2025-07-06,Karbi Anglong,karbianglong,True,True
2025-07-06,Golaghat,golaghat,True,True
2025-07-06,Jorhat,jorhat,True,True
2025-07-07,Hojai,hojai,True,True
2025-07-07,Golaghat,golaghat,True,True
2025-07-07,Jorhat,jorhat,True,True
2025-07-07,Karbi Anglong,karbianglong,True,True
2025-07-07,Sivasagar,sivasagar,True,True
2025-07-08,Golaghat,golaghat,True,True
2025-07-08,Hojai,hojai,True,True
2025-07-08,Nagaon,nagaon,True,True
2025-07-08,Sivasagar,sivasagar,True,True
2025-07-08,Jorhat,jorhat,True,True
2025-07-08,Karbi Anglong,karbianglong,True,True
2025-07-09,Golaghat,golaghat,True,True
2025-07-09,Nagaon,nagaon,True,True
2025-07-09,Hojai,hojai,True,True
2025-07-09,Karbi Anglong,karbianglong,True,True
2025-07-09,Jorhat,jorhat,True,True
2025-07-10,Golaghat,golaghat,True,True
2025-07-10,Hojai,hojai,True,True
2025-07-10,Nagaon,nagaon,True,True
2025-07-10,Karbi Anglong,karbianglong,True,True
2025-07-10,Jorhat,jorhat,True,True
2025-07-11,Golaghat,golaghat,True,True
2025-07-11,Hojai,hojai,True,True
2025-07-11,Nagaon,nagaon,True,True
2025-07-11,Jorhat,jorhat,True,True
2025-07-12,Nagaon,nagaon,True,True
2025-07-12,Jorhat,jorhat,True,True
2025-07-12,Golaghat,golaghat,True,True
2025-07-13,Golaghat,golaghat,True,True
2025-07-13,Nagaon,nagaon,True,True
2025-07-13,Jorhat,jorhat,True,True
2025-07-14,Golaghat,golaghat,True,True
2025-07-14,Nagaon,nagaon,True,True
2025-07-15,Golaghat,golaghat,True,True
2025-07-15,Nagaon,nagaon,True,True
2025-07-16,Nagaon,nagaon,True,True
2025-07-16,Golaghat,golaghat,True,True
2025-07-17,Nagaon,nagaon,True,True
2025-07-17,Golaghat,golaghat,True,True
2025-07-18,Golaghat,golaghat,True,True
2025-07-18,Jorhat,jorhat,True,True
2025-07-18,Nagaon,nagaon,True,True
2025-07-19,Dhemaji,dhemaji,True,True
2025-07-19,Golaghat,golaghat,True,True
2025-07-20,Dhemaji,dhemaji,True,True
2025-07-21,Dhemaji,dhemaji,True,True
2025-07-22,Dhemaji,dhemaji,True,True
2025-07-26,Biswanath,biswanath,True,True
2025-07-28,Biswanath,biswanath,True,True
2025-07-29,Biswanath,biswanath,True,True
2025-07-30,Biswanath,biswanath,True,True
2025-07-30,Dima-Hasao,dimahasao,True,True
2025-08-07,Charaideo,charaideo,True,True
2025-08-07,Dibrugarh,dibrugarh,True,True
2025-08-08,Dibrugarh,dibrugarh,True,True
2025-08-08,Dhemaji,dhemaji,True,True
2025-08-08,Sivasagar,sivasagar,True,True
2025-08-08,Charaideo,charaideo,True,True
2025-08-09,Dibrugarh,dibrugarh,True,True
2025-08-09,Sivasagar,sivasagar,True,True
2025-08-09,Dhemaji,dhemaji,True,True
2025-08-09,Charaideo,charaideo,True,True
2025-08-10,Dibrugarh,dibrugarh,True,True
2025-08-10,Sivasagar,sivasagar,True,True
2025-08-10,Dhemaji,dhemaji,True,True
2025-08-10,Charaideo,charaideo,True,True
2025-08-11,Charaideo,charaideo,True,True
2025-08-11,Dibrugarh,dibrugarh,True,True
2025-08-11,Kokrajhar,kokrajhar,True,True
2025-08-11,Dhemaji,dhemaji,True,True
2025-08-11,Sivasagar,sivasagar,True,True
2025-08-12,Dibrugarh,dibrugarh,True,True
2025-08-12,Dhemaji,dhemaji,True,True
2025-08-12,Kokrajhar,kokrajhar,True,True
2025-08-12,Sivasagar,sivasagar,True,True
2025-08-13,Dhemaji,dhemaji,True,True
2025-08-13,Sivasagar,sivasagar,True,True
2025-08-13,Biswanath,biswanath,True,True
2025-08-13,Lakhimpur,lakhimpur,True,True
2025-08-13,Sonitpur,sonitpur,True,True
2025-08-13,Kokrajhar,kokrajhar,True,True
2025-08-13,Dibrugarh,dibrugarh,True,True
2025-08-13,Darrang,darrang,True,True
2025-08-14,Lakhimpur,lakhimpur,True,True
2025-08-14,Kokrajhar,kokrajhar,True,True
2025-08-14,Dhemaji,dhemaji,True,True
2025-08-14,Sonitpur,sonitpur,True,True
2025-08-14,Dibrugarh,dibrugarh,True,True
2025-08-14,Sivasagar,sivasagar,True,True
2025-08-14,Biswanath,biswanath,True,True
2025-08-14,Darrang,darrang,True,True
2025-08-15,Dhemaji,dhemaji,True,True
2025-08-15,Sonitpur,sonitpur,True,True
2025-08-15,Biswanath,biswanath,True,True
2025-08-15,Dibrugarh,dibrugarh,True,True
2025-08-15,Sivasagar,sivasagar,True,True
2025-08-16,Sonitpur,sonitpur,True,True
2025-08-16,Dhemaji,dhemaji,True,True
2025-08-16,Dibrugarh,dibrugarh,True,True
2025-08-16,Sivasagar,sivasagar,True,True
2025-08-17,Sivasagar,sivasagar,True,True
2025-08-17,Dibrugarh,dibrugarh,True,True
2025-08-17,Jorhat,jorhat,True,True
2025-08-18,Dibrugarh,dibrugarh,True,True
2025-08-18,Sivasagar,sivasagar,True,True
2025-08-18,Jorhat,jorhat,True,True
2025-08-19,Sivasagar,sivasagar,True,True
2025-08-19,Jorhat,jorhat,True,True
2025-08-20,Jorhat,jorhat,True,True
2025-08-20,Biswanath,biswanath,True,True
2025-08-20,Sivasagar,sivasagar,True,True
2025-08-21,Sivasagar,sivasagar,True,True
2025-08-23,Biswanath,biswanath,True,True
2025-08-23,Golaghat,golaghat,True,True
2025-08-27,Jorhat,jorhat,True,True
2025-08-27,Golaghat,golaghat,True,True
2025-08-27,Sivasagar,sivasagar,True,True
2025-08-28,Jorhat,jorhat,True,True
2025-08-28,Golaghat,golaghat,True,True
2025-08-28,Sivasagar,sivasagar,True,True
2025-08-29,Sivasagar,sivasagar,True,True
2025-08-29,Dhemaji,dhemaji,True,True
2025-08-29,Jorhat,jorhat,True,True
2025-08-30,Sivasagar,sivasagar,True,True
2025-08-30,Biswanath,biswanath,True,True
2025-08-30,Dhemaji,dhemaji,True,True
2025-08-30,Lakhimpur,lakhimpur,True,True
2025-08-31,Dhemaji,dhemaji,True,True
2025-08-31,Sivasagar,sivasagar,True,True
2025-08-31,Lakhimpur,lakhimpur,True,True
2025-08-31,Biswanath,biswanath,True,True
2025-09-01,Dhemaji,dhemaji,True,True
2025-09-01,Lakhimpur,lakhimpur,True,True
2025-09-01,Sivasagar,sivasagar,True,True
2025-09-02,Sivasagar,sivasagar,True,True
2025-09-03,Sivasagar,sivasagar,True,True
2025-09-12,Golaghat,golaghat,True,True
2025-09-13,Charaideo,charaideo,True,True
2025-09-14,Charaideo,charaideo,True,True
2025-09-14,Kokrajhar,kokrajhar,True,True
2025-09-14,Golaghat,golaghat,True,True
2025-09-15,Biswanath,biswanath,True,True
2025-09-15,Golaghat,golaghat,True,True
2025-09-15,Cachar,cachar,True,True
2025-09-15,Karbi Anglong,karbianglong,True,True
2025-09-15,Sonitpur,sonitpur,True,True
2025-09-16,Golaghat,golaghat,True,True
2025-09-16,Biswanath,biswanath,True,True
2025-09-16,Sonitpur,sonitpur,True,True
2025-09-16,Karbi Anglong,karbianglong,True,True
2025-09-16,Nagaon,nagaon,True,True
2025-09-16,Cachar,cachar,True,True
2025-09-17,Golaghat,golaghat,True,True
2025-09-17,Nagaon,nagaon,True,True
2025-09-17,Sonitpur,sonitpur,True,True
2025-09-17,Biswanath,biswanath,True,True
2025-09-17,Cachar,cachar,True,True
2025-09-17,Karbi Anglong,karbianglong,True,True
2025-09-18,Golaghat,golaghat,True,True
2025-09-18,Cachar,cachar,True,True
2025-09-18,Sonitpur,sonitpur,True,True
2025-09-18,Nagaon,nagaon,True,True
2025-09-18,Biswanath,biswanath,True,True
2025-09-19,Golaghat,golaghat,True,True
2025-09-19,Nagaon,nagaon,True,True
2025-09-19,Sonitpur,sonitpur,True,True
2025-09-19,Cachar,cachar,True,True
2025-09-19,Biswanath,biswanath,True,True
2025-09-22,Golaghat,golaghat,True,True
2025-09-22,Nagaon,nagaon,True,True
2025-09-23,Golaghat,golaghat,True,True
2025-09-24,Golaghat,golaghat,True,True
2025-09-25,Golaghat,golaghat,True,True
2025-10-01,Sivasagar,sivasagar,True,True
2025-10-02,Jorhat,jorhat,True,True
2025-10-02,Sivasagar,sivasagar,True,True
2025-10-03,Jorhat,jorhat,True,True
2025-10-04,Jorhat,jorhat,True,True
2025-10-05,Dhemaji,dhemaji,True,True
2025-10-05,Jorhat,jorhat,True,True
2025-10-06,Dhemaji,dhemaji,False,True
2025-10-06,Jorhat,jorhat,False,True
2025-10-06,Kokrajhar,kokrajhar,False,True
2025-10-07,Dhemaji,dhemaji,True,True
2025-10-07,Jorhat,jorhat,True,True
2025-10-07,Kokrajhar,kokrajhar,True,True
2025-10-08,Dhemaji,dhemaji,True,True
2025-10-09,Dhemaji,dhemaji,True,True
2025-10-13,Cachar,cachar,True,True
2026-05-01,Goalpara,goalpara,True,True
2026-05-02,Goalpara,goalpara,True,True
2026-05-03,Goalpara,goalpara,True,True
2026-05-04,Goalpara,goalpara,True,True
2026-05-05,Goalpara,goalpara,True,True
2026-05-06,Goalpara,goalpara,True,True
2026-05-15,Cachar,cachar,True,True
2026-05-16,Cachar,cachar,True,True
2026-05-21,Lakhimpur,lakhimpur,True,True
2026-05-23,Lakhimpur,lakhimpur,True,True
2026-05-25,Lakhimpur,lakhimpur,True,True
2026-06-04,Dhemaji,dhemaji,True,True
2026-06-05,Dibrugarh,dibrugarh,True,True
2026-06-05,Dhemaji,dhemaji,True,True
2026-06-06,Dibrugarh,dibrugarh,True,True
2026-06-07,Dibrugarh,dibrugarh,True,True
2026-06-08,Dibrugarh,dibrugarh,True,True
2026-06-08,Lakhimpur,lakhimpur,True,True
2026-06-11,Jorhat,jorhat,True,True
2026-06-11,Lakhimpur,lakhimpur,True,True
2026-06-11,Biswanath,biswanath,True,True
2026-06-11,Dhemaji,dhemaji,True,True
2026-06-12,Dhemaji,dhemaji,True,True
2026-06-15,Dhemaji,dhemaji,True,True
2026-06-17,Dhemaji,dhemaji,True,True
2026-06-17,Charaideo,charaideo,True,True
2026-06-18,Dibrugarh,dibrugarh,True,True
2026-06-18,Dhemaji,dhemaji,True,True
2026-06-18,Charaideo,charaideo,True,True
2026-06-19,Dibrugarh,dibrugarh,True,True
2026-06-19,Dhemaji,dhemaji,True,True
2026-06-19,Charaideo,charaideo,True,True
2026-06-20,Dhemaji,dhemaji,True,True
2026-06-20,Dibrugarh,dibrugarh,True,True
2026-06-20,Charaideo,charaideo,True,True
2026-06-21,Dhemaji,dhemaji,True,True
2026-06-21,Dibrugarh,dibrugarh,True,True
2026-06-21,Charaideo,charaideo,True,True
2026-06-21,Lakhimpur,lakhimpur,True,True
2026-06-22,Dhemaji,dhemaji,True,True
2026-06-22,Dibrugarh,dibrugarh,True,True
2026-06-22,Lakhimpur,lakhimpur,True,True
2026-06-22,Biswanath,biswanath,True,True
2026-06-22,Charaideo,charaideo,True,True
2026-06-23,Biswanath,biswanath,True,True
2026-06-23,Dibrugarh,dibrugarh,True,True
2026-06-23,Dhemaji,dhemaji,True,True
2026-06-23,Nalbari,nalbari,True,True
2026-06-23,Lakhimpur,lakhimpur,True,True
2026-06-24,Dhemaji,dhemaji,True,True
2026-06-24,Nalbari,nalbari,True,True
2026-06-24,Cachar,cachar,True,True
2026-06-24,Dibrugarh,dibrugarh,True,True
2026-06-24,Biswanath,biswanath,True,True
2026-06-24,Lakhimpur,lakhimpur,True,True
2026-06-24,Bajali,bajali,True,True
2026-06-25,Biswanath,biswanath,True,True
2026-06-25,Dibrugarh,dibrugarh,True,True
2026-06-25,Dhemaji,dhemaji,True,True
2026-06-25,Lakhimpur,lakhimpur,True,True
2026-06-25,Bajali,bajali,True,True
2026-06-26,Dibrugarh,dibrugarh,True,True
2026-06-26,Lakhimpur,lakhimpur,True,True
2026-06-26,Dhemaji,dhemaji,True,True
2026-06-26,Bajali,bajali,True,True
2026-06-27,Dibrugarh,dibrugarh,True,True
2026-06-27,Dhemaji,dhemaji,True,True
2026-06-27,Lakhimpur,lakhimpur,True,True
2026-06-28,Dhemaji,dhemaji,True,True
2026-06-28,Nalbari,nalbari,True,True
2026-06-28,Dibrugarh,dibrugarh,True,True
2026-06-28,Chirang,chirang,True,True
2026-06-28,Lakhimpur,lakhimpur,True,True
2026-06-28,Kokrajhar,kokrajhar,True,True
2026-06-29,Bongaigaon,bongaigaon,True,True
2026-06-29,Dhemaji,dhemaji,True,True
2026-06-29,Chirang,chirang,True,True
2026-06-29,Dibrugarh,dibrugarh,True,True
2026-06-29,Nalbari,nalbari,True,True
2026-06-29,Biswanath,biswanath,True,True
2026-06-29,Lakhimpur,lakhimpur,True,True
2026-06-30,Dhemaji,dhemaji,True,True
2026-06-30,Nalbari,nalbari,True,True
2026-06-30,Dibrugarh,dibrugarh,True,True
2026-06-30,Chirang,chirang,True,True
2026-06-30,Lakhimpur,lakhimpur,True,True
2026-06-30,Biswanath,biswanath,True,True
2026-07-01,Dhemaji,dhemaji,True,True
2026-07-01,Dibrugarh,dibrugarh,True,True
2026-07-01,Biswanath,biswanath,True,True
2026-07-01,Nalbari,nalbari,True,True
2026-07-02,Dibrugarh,dibrugarh,True,False
2026-07-02,Dhemaji,dhemaji,True,False
2026-07-03,Dhemaji,dhemaji,True,True
2026-07-04,Dhemaji,dhemaji,True,True
2026-07-05,Dhemaji,dhemaji,True,True
2026-07-06,Dhemaji,dhemaji,True,True
2026-07-06,Baksa,baksa,True,True
2026-07-07,Dhemaji,dhemaji,True,True
2026-07-07,Jorhat,jorhat,True,True
2026-07-08,Dhemaji,dhemaji,True,True
2026-07-09,Dhemaji,dhemaji,True,True
2026-07-10,Dhemaji,dhemaji,True,True
2026-07-11,Dhemaji,dhemaji,True,True
2026-07-11,Dibrugarh,dibrugarh,True,True
2026-07-12,Dhemaji,dhemaji,True,True
2026-07-13,Sivasagar,sivasagar,True,True
2026-07-13,Lakhimpur,lakhimpur,True,True
2026-07-13,Darrang,darrang,True,True
2026-07-13,Sonitpur,sonitpur,True,True
2026-07-13,Dhemaji,dhemaji,True,True
2026-07-13,Jorhat,jorhat,True,True
2026-07-14,Sonitpur,sonitpur,True,True
2026-07-14,Dibrugarh,dibrugarh,True,True
2026-07-14,Lakhimpur,lakhimpur,True,True
2026-07-14,Dhemaji,dhemaji,True,True
2026-07-14,Jorhat,jorhat,True,True
2026-07-14,Sivasagar,sivasagar,True,True
2026-07-15,Lakhimpur,lakhimpur,True,True
2026-07-15,Sivasagar,sivasagar,True,True
2026-07-15,Sonitpur,sonitpur,True,True
2026-07-15,Dhemaji,dhemaji,True,True
2026-07-15,Biswanath,biswanath,True,True
2026-07-15,Jorhat,jorhat,True,True
2026-07-16,Biswanath,biswanath,True,True
2026-07-16,Lakhimpur,lakhimpur,True,True
2026-07-16,Dhemaji,dhemaji,True,True
2026-07-16,Sonitpur,sonitpur,True,True
2026-07-16,Charaideo,charaideo,True,True
2026-07-16,Sivasagar,sivasagar,True,True
2026-07-16,Tinsukia,tinsukia,True,True
2026-07-17,Biswanath,biswanath,True,True
2026-07-17,Dibrugarh,dibrugarh,True,True
2026-07-17,Dhemaji,dhemaji,True,True
2026-07-17,Sivasagar,sivasagar,True,True
2026-07-17,Jorhat,jorhat,True,True
2026-07-17,Tinsukia,tinsukia,True,True
2026-07-17,Lakhimpur,lakhimpur,True,True
2026-07-18,Dhemaji,dhemaji,True,True
2026-07-18,Dibrugarh,dibrugarh,True,True
2026-07-18,Sivasagar,sivasagar,True,True
2026-07-18,Lakhimpur,lakhimpur,True,True
2026-07-18,Tinsukia,tinsukia,True,True
2026-07-19,Dhemaji,dhemaji,True,True
2026-07-19,Dibrugarh,dibrugarh,True,True
2026-07-19,Charaideo,charaideo,True,True
2026-07-19,Tinsukia,tinsukia,True,True
2026-07-19,Lakhimpur,lakhimpur,True,True
2026-07-19,Sivasagar,sivasagar,True,True
2026-07-19,Udalguri,udalguri,True,True
2026-07-19,Jorhat,jorhat,True,True
2026-07-20,Jorhat,jorhat,True,True
2026-07-20,Charaideo,charaideo,True,True
2026-07-20,Sonitpur,sonitpur,True,True
2026-07-20,Dibrugarh,dibrugarh,True,True
2026-07-20,Chirang,chirang,True,True
2026-07-20,Udalguri,udalguri,True,True
2026-07-20,Biswanath,biswanath,True,True
2026-07-20,Golaghat,golaghat,True,True
2026-07-20,Cachar,cachar,True,True
2026-07-20,Dhemaji,dhemaji,True,True
2026-07-20,Tinsukia,tinsukia,True,True
2026-07-20,Nagaon,nagaon,True,True
2026-07-20,Karbi Anglong,karbianglong,True,True
2026-07-20,Kamrup,kamrup,True,True
2026-07-20,Kamrup (M),kamrupm,True,True
2026-07-20,Sivasagar,sivasagar,True,True
2026-07-21,Golaghat,golaghat,True,True
2026-07-21,Kamrup,kamrup,True,True
2026-07-21,Hojai,hojai,True,True
2026-07-21,Dibrugarh,dibrugarh,True,True
2026-07-21,Biswanath,biswanath,True,True
2026-07-21,Dhemaji,dhemaji,True,True
2026-07-21,Sonitpur,sonitpur,True,True
2026-07-21,Udalguri,udalguri,True,True
2026-07-21,Nagaon,nagaon,True,True
2026-07-21,Charaideo,charaideo,True,True
2026-07-21,Kamrup (M),kamrupm,True,True
2026-07-21,Jorhat,jorhat,True,True
2026-07-21,Tinsukia,tinsukia,True,True
2026-07-21,Karbi Anglong,karbianglong,True,True
2026-07-21,Lakhimpur,lakhimpur,True,True
2026-07-21,Sivasagar,sivasagar,True,True
2026-07-22,Karbi Anglong,karbianglong,True,True
2026-07-22,Golaghat,golaghat,True,True
2026-07-22,Charaideo,charaideo,True,True
2026-07-22,Kamrup,kamrup,True,True
2026-07-22,Sivasagar,sivasagar,True,True
2026-07-22,Jorhat,jorhat,True,True
2026-07-22,Dibrugarh,dibrugarh,True,True
2026-07-22,Nagaon,nagaon,True,True
2026-07-22,Dhemaji,dhemaji,True,True
2026-07-22,Hojai,hojai,True,True
2026-07-22,Kamrup (M),kamrupm,True,True
2026-07-23,Golaghat,golaghat,True,True
2026-07-23,Hojai,hojai,True,False
2026-07-23,Kamrup,kamrup,True,True
2026-07-23,Charaideo,charaideo,True,True
2026-07-23,Jorhat,jorhat,True,True
2026-07-23,Dibrugarh,dibrugarh,True,True
2026-07-23,Sivasagar,sivasagar,True,True
2026-07-23,Nagaon,nagaon,True,True
2026-07-23,Kamrup (M),kamrupm,True,True
2026-07-23,Karbi Anglong,karbianglong,True,True
2026-07-23,Tinsukia,tinsukia,True,True
2026-07-24,Golaghat,golaghat,True,True
2026-07-24,Charaideo,charaideo,True,True
2026-07-24,Dibrugarh,dibrugarh,True,True
2026-07-24,Hojai,hojai,True,True
2026-07-24,Nagaon,nagaon,True,True
2026-07-24,Biswanath,biswanath,True,True
2026-07-24,Jorhat,jorhat,True,True
2026-07-24,Dhemaji,dhemaji,True,True
2026-07-24,Sivasagar,sivasagar,True,True
2026-07-24,Sonitpur,sonitpur,True,True
2026-07-24,Kamrup (M),kamrupm,True,True
2026-07-24,Karbi Anglong,karbianglong,True,True
2026-07-25,Golaghat,golaghat,True,True
2026-07-25,Charaideo,charaideo,True,True
2026-07-25,Kamrup,kamrup,True,True
2026-07-25,Hojai,hojai,True,True
2026-07-25,Dibrugarh,dibrugarh,True,True
2026-07-25,Sivasagar,sivasagar,True,True
2026-07-25,Jorhat,jorhat,True,True
2026-07-25,Sonitpur,sonitpur,True,True
2026-07-25,Kamrup (M),kamrupm,True,True
2026-07-25,Nagaon,nagaon,True,True
2026-07-26,Charaideo,charaideo,True,True
2026-07-26,Golaghat,golaghat,True,True
2026-07-26,Jorhat,jorhat,True,True
2026-07-26,Sivasagar,sivasagar,True,True
2026-07-26,Hojai,hojai,True,True
2026-07-26,Kamrup,kamrup,True,True
2026-07-26,Nagaon,nagaon,True,True
2026-07-26,Kamrup (M),kamrupm,True,True
2026-07-26,Dibrugarh,dibrugarh,True,True
2026-07-27,Sivasagar,sivasagar,True,True
2026-07-27,Golaghat,golaghat,True,True
2026-07-27,Charaideo,charaideo,True,True
2026-07-27,Jorhat,jorhat,True,True
2026-07-27,Nagaon,nagaon,True,True
2026-07-27,Kamrup (M),kamrupm,True,True
2026-07-28,Sivasagar,sivasagar,True,True
2026-07-28,Charaideo,charaideo,True,True
2026-07-28,Golaghat,golaghat,True,True
2026-07-28,Jorhat,jorhat,True,True
2026-07-28,Nagaon,nagaon,True,True
2026-07-28,Sonitpur,sonitpur,True,True
2026-07-28,Kamrup (M),kamrupm,True,True
2026-07-29,Charaideo,charaideo,True,True
2026-07-29,Golaghat,golaghat,True,True
2026-07-29,Sivasagar,sivasagar,True,True
2026-07-29,Nagaon,nagaon,True,True
2026-07-29,Biswanath,biswanath,True,True
2026-07-29,Jorhat,jorhat,True,True
2026-07-29,Kamrup (M),kamrupm,True,True
2026-07-30,Golaghat,golaghat,True,True
2026-07-30,Sivasagar,sivasagar,True,True
2026-07-30,Biswanath,biswanath,True,True
2026-07-30,Charaideo,charaideo,True,True
2026-07-30,Kamrup (M),kamrupm,True,True
2026-07-30,Jorhat,jorhat,True,True
2026-07-30,Dhemaji,dhemaji,True,True
2026-07-30,Nagaon,nagaon,True,True
2026-07-31,Sivasagar,sivasagar,True,True
2026-07-31,Golaghat,golaghat,True,True
2026-07-31,Jorhat,jorhat,True,True
2026-07-31,Nagaon,nagaon,True,True
2026-07-31,Charaideo,charaideo,True,True
2026-08-01,Golaghat,golaghat,True,True
2026-08-01,Sivasagar,sivasagar,True,True
2026-08-01,Charaideo,charaideo,True,True
2026-08-01,Bajali,bajali,True,True
2026-08-01,Dhemaji,dhemaji,True,True
2026-08-01,Sonitpur,sonitpur,True,True
2026-08-01,Jorhat,jorhat,True,True
2026-08-02,Golaghat,golaghat,True,True
2026-08-02,Jorhat,jorhat,True,True
2026-08-02,Sivasagar,sivasagar,True,True
2026-08-02,Charaideo,charaideo,True,True
2026-08-02,Dhemaji,dhemaji,True,True
2026-08-03,Charaideo,charaideo,True,True
2026-08-03,Sivasagar,sivasagar,True,True
2026-08-03,Dhemaji,dhemaji,True,True
2026-08-03,Golaghat,golaghat,True,True
2026-08-03,Biswanath,biswanath,True,True
2026-08-03,Jorhat,jorhat,True,True
2026-08-03,Lakhimpur,lakhimpur,True,True
2026-08-04,Sivasagar,sivasagar,True,True
2026-08-04,Dhemaji,dhemaji,True,True
2026-08-04,Golaghat,golaghat,True,True
2026-08-04,Dibrugarh,dibrugarh,True,True
2026-08-04,Charaideo,charaideo,True,True
2026-08-04,Kamrup (M),kamrupm,True,True
2026-08-04,Biswanath,biswanath,True,True
2026-08-04,Lakhimpur,lakhimpur,True,True
2026-08-04,Jorhat,jorhat,True,True
2026-08-04,Nagaon,nagaon,True,True
2026-08-05,Golaghat,golaghat,True,True
2026-08-05,Lakhimpur,lakhimpur,True,True
2026-08-05,Charaideo,charaideo,True,True
2026-08-05,Sivasagar,sivasagar,True,True
2026-08-05,Biswanath,biswanath,True,True
2026-08-05,Dhemaji,dhemaji,True,True
2026-08-05,Kamrup (M),kamrupm,True,True
2026-08-05,Jorhat,jorhat,True,True
2026-08-05,Sonitpur,sonitpur,True,True
2026-08-05,Tinsukia,tinsukia,True,True
2026-08-05,Nagaon,nagaon,True,True
2026-08-05,Darrang,darrang,True,True
2026-08-05,Karbi Anglong,karbianglong,True,True
2026-08-05,Udalguri,udalguri,True,True
2026-08-06,Golaghat,golaghat,True,True
2026-08-06,Sivasagar,sivasagar,True,True
2026-08-06,Udalguri,udalguri,True,True
2026-08-06,Kamrup (M),kamrupm,True,True
2026-08-06,Nagaon,nagaon,True,True
2026-08-06,Kamrup,kamrup,True,True
2026-08-06,Darrang,darrang,True,True
2026-08-06,Sonitpur,sonitpur,True,True
2026-08-06,Hojai,hojai,True,True
2026-08-06,Lakhimpur,lakhimpur,True,True
2026-08-06,Biswanath,biswanath,True,True
2026-08-06,Jorhat,jorhat,True,True
2026-08-06,Charaideo,charaideo,True,True
2026-08-06,Karbi Anglong,karbianglong,True,True
2026-08-06,Dhemaji,dhemaji,True,True
2026-08-07,Sivasagar,sivasagar,True,True
2026-08-07,Golaghat,golaghat,True,True
2026-08-07,Nagaon,nagaon,True,True
2026-08-07,Hojai,hojai,True,True
2026-08-07,Sonitpur,sonitpur,True,True
2026-08-07,Dhemaji,dhemaji,True,True
2026-08-07,Darrang,darrang,True,True
2026-08-07,Biswanath,biswanath,True,True
2026-08-07,Kamrup (M),kamrupm,True,True
2026-08-07,Lakhimpur,lakhimpur,True,True
2026-08-07,Udalguri,udalguri,True,True
2026-08-07,Jorhat,jorhat,True,True
2026-08-07,Charaideo,charaideo,True,True
2026-08-08,Sonitpur,sonitpur,True,True
2026-08-08,Nagaon,nagaon,True,True
2026-08-08,Golaghat,golaghat,True,True
2026-08-08,Sivasagar,sivasagar,True,True
2026-08-08,Hojai,hojai,True,True
2026-08-08,Darrang,darrang,True,True
2026-08-08,Jorhat,jorhat,True,True
2026-08-08,Dhemaji,dhemaji,True,True
2026-08-08,Charaideo,charaideo,True,True
2026-08-08,Karbi Anglong,karbianglong,True,True
2026-08-08,Lakhimpur,lakhimpur,True,True
2026-08-08,Biswanath,biswanath,True,True
2026-08-09,Golaghat,golaghat,True,True
2026-08-09,Sivasagar,sivasagar,True,True
2026-08-09,Hojai,hojai,True,True
2026-08-09,Darrang,darrang,True,True
2026-08-09,Lakhimpur,lakhimpur,True,True
2026-08-09,Jorhat,jorhat,True,True
2026-08-09,Karbi Anglong,karbianglong,True,True
2026-08-09,Charaideo,charaideo,True,True
2026-08-09,Nagaon,nagaon,True,True
2026-08-09,Biswanath,biswanath,True,True
2026-08-10,Nagaon,nagaon,True,True
2026-08-10,Golaghat,golaghat,True,True
2026-08-10,Sivasagar,sivasagar,True,True
2026-08-10,Hojai,hojai,True,True
2026-08-10,Darrang,darrang,True,True
2026-08-10,Karbi Anglong,karbianglong,True,True
2026-08-10,Lakhimpur,lakhimpur,True,True
2026-08-10,Cachar,cachar,True,True
2026-08-10,Charaideo,charaideo,True,True
2026-08-10,Jorhat,jorhat,True,True
2026-08-11,Golaghat,golaghat,True,True
2026-08-11,Sivasagar,sivasagar,True,True
2026-08-11,Hojai,hojai,True,True
2026-08-11,Jorhat,jorhat,True,True
2026-08-11,Darrang,darrang,True,True
2026-08-11,Lakhimpur,lakhimpur,True,True
2026-08-11,Nagaon,nagaon,True,True
2026-08-12,Golaghat,golaghat,True,True
2026-08-12,Hojai,hojai,True,True
2026-08-12,Sivasagar,sivasagar,True,True
2026-08-12,Darrang,darrang,True,True
2026-08-12,Nagaon,nagaon,True,True
2026-08-12,Jorhat,jorhat,True,True
2026-08-12,Karbi Anglong,karbianglong,True,True
2026-08-13,Golaghat,golaghat,True,True
2026-08-13,Sivasagar,sivasagar,True,True
2026-08-13,Nagaon,nagaon,True,True
2026-08-13,Hojai,hojai,True,True
2026-08-13,Jorhat,jorhat,True,True
2026-08-13,Darrang,darrang,True,True
2026-08-13,Lakhimpur,lakhimpur,True,True
